SET SEARCH_PATH TO pokemon;

INSERT INTO pokedex(nomEspece, type, puissance) values
('Florizarre', 'Plante', 10),
('Tournegrin', 'Plante', 15 ),
('Celebi', 'Plante', 45 ),
('Haydaim', 'Plante', 78),
('Bulbizarre', 'Plante', 65),
('Scovilain', 'Plante', 10),
('Floramantis', 'Plante', 14),
('Tropius', 'Plante', 26 ),
('Germignon','Plante',36),
('Cacnea','Plante', 45),
('Jungko','Plante', 96),
('Arcko','Plante', 78),
('Arceus','Plante', 57),
('Matourgeon','Plante', 87),
('Silvallié','Plante', 88),
('Poussacha','Plante', 10),
('Phyllali','Plante', 74),
('Aquali', 'Eau',  16),
('Barloche', 'Eau', 74),
('Embrochet', 'Eau', 85),
('Léviator', 'Eau',96 ),
('Békipan', 'Eau', 100),
('Magicarpe', 'Eau', 26),
('Goélise', 'Eau', 37),
('Gobou','Eau', 10),
('Suicune','Eau', 47),
('Mamanbo','Eau',96),
('Aligatueur','Eau',81),
('Rosabyss','Eau',85),
('Luminéon','Eau',64),
('Lézargus','Eau',20),
('Oyacata','Eau',18),
('Coiffeton','Eau',88),
('Stari','Eau',13),
('Axoloto', 'Eau', 35),
('Raichu', 'Electrique',20 ),
('Electhor', 'Electrique',49),
('Zekrom', 'Electrique',34),
('Voltali', 'Electrique',57),
('Pikachu','Electrique',33),
('Pohmotte', 'Electrique',60 ),
('Anchwatt', 'Electrique', 23 ),
('Pohm', 'Electrique',33),
('Pelage-Sablé', 'Electrique', 89),
('Luxray','Electrique',46),
('Négapi','Electrique', 78),
('Têtampoule','Electrique',31),
('Sulfura', 'Feu', 36),
('Yuyu', 'Feu',47),
('Dracaufeu', 'Feu',36 ),
('Volcanion', 'Feu',58),
('Pyrobut', 'Feu',36),
('Dracaufeu Gigamax', 'Feu', 24),
('Pyrax', 'Feu', 45 ),
('Hélionceau', 'Feu',  78),
('Caninos', 'Feu', 89),
('Carmadura', 'Feu', 100),
('Limagma','Feu',84),
('Maganon','Feu', 23),
('Feunnec','Feu',17),
('Chochodile','Feu', 17),
('Pyroli','Feu',49),
('Feunard','Feu', 58),
('Draco', 'Dragon', 78 ),
('MegaDracaufeuX', 'Dragon',100),
('Dracolos', 'Dragon', 89),
('Koraidon', 'Dragon', 63 ),
('Miraidon', 'Dragon', 34 ),
('Tranchodon', 'Dragon', 29 ),
('Carchacork', 'Dragon', 70 );

INSERT INTO utilisateur(pseudonyme, classe) values
('Sasha', 'Admin Ombre'),
('Red', 'dresseur'),
('Lucas07', 'Facteur'),
('LoliSpeed', 'Montagnard'),
('CloPoc', 'dresseur'),
('Dracogriffe', 'Montagnard'),
('FanPokemon79', 'Fermier'),
('Syllile', 'Serveuse'),
('Soulcalibur', 'Gentleman'),
('Anonymous', 'Jongleur'),
('Anonymous32', 'Karatéka'),
('FanDeDino', 'Montagnard'),
('Sansion007', 'Pokémon Ranger'),
('ariolX7.7', 'dresseur'),
('Brotherhood', 'dresseur'),
('TeamRocket4Life', 'Grand Duc'),
('Rika','Admin Ombre'),
('Murasaki','Artistes de Rue'),
('Nippone','Athlète'),
('Yugi','Assistant épreuve'),
('Nana','Canon'),
('Yuno','Sage'),
('Asuna','Jeune Couple'),
('Saber','Expert'),
('Albator','Ninja Amateur'),
('Sundry','Expert'),
('Ragnar','Grand Duc'),
('Monty','Gentleman');

INSERT INTO champion(nomChampion, niveauPokemonChampion, shiny, pokemonAssocie) values
('Pierre', 14, false,'Tournegrin'), 
('Grusha', 28, false,'Axoloto'), 
('Rivamar', 40, true,'Zekrom'),   
('Kabu',55, true ,'Dracaufeu'),   
('Amaro',40,false ,'Haydaim'),   
('Roy',99,false ,'Koraidon'),
('Watson',100 , false, 'MegaDracaufeuX'), 
('Inezia', 65, true,'Electhor'),  
('Flo', 78, false,'Florizarre'),   
('Ondine', 14, true ,'Léviator'), 
('Auguste', 32, true,'Pyrobut'), 
('Lem', 99, false ,'Pelage-Sablé'),  
('Percy', 28, false ,'Scovilain'),   
('Amana', 40, true ,'Magicarpe'),  	
('Armando',16,false ,'Volcanion'),  	
('Rachid',32,false ,'Floramantis'),  	
('Maël',100 ,true ,'Dracaufeu Gigamax');

INSERT INTO pokemonUtil(nomEspece, pseudonyme, niveauPokemonUtil, shiny, idPokemonUtil) values
('Volcanion', 'Sasha',72,false,1),
('Magicarpe', 'Sasha',42,false,2),
('Silvallié', 'Sasha',29,false,3),
('Embrochet', 'Red',19,false ,4),
('Tournegrin', 'Red',28, true,5),
('Pyrobut', 'Red',92, false,6),
('Haydaim', 'Lucas07', 60,  false,7 ),
('Dracaufeu Gigamax', 'Lucas07',49, true, 8 ),
('Léviator', 'Lucas07',64,false,9),
('Caninos', 'LoliSpeed',50 ,false, 10),
('Caninos', 'LoliSpeed',50 ,false,11),
('Caninos', 'LoliSpeed',50,false,12 ),
('Jungko', 'CloPoc',11,true,13),
('Koraidon', 'CloPoc',29,false, 14),
('Zekrom', 'CloPoc',88,false,15),
('Yuyu', 'Dracogriffe',21, false, 16 ),
('Yuyu', 'Dracogriffe',58,true,17),
('Hélionceau', 'Dracogriffe',42, false, 18),
('Gobou', 'FanPokemon79',37,true,19 ),
('Floramantis', 'FanPokemon79',29,True, 20 ),
('Raichu', 'FanPokemon79',10,true,21 ),
('Arceus', 'Syllile',61,true , 22 ),
('Electhor', 'Syllile',97, true,23 ),
('Pohm', 'Syllile',72, false, 24 ),
('Scovilain', 'Soulcalibur',8,true ,25 ),
('Barloche', 'Soulcalibur',89, true, 26),
('Arcko', 'Soulcalibur',63, false,27),
('Electhor', 'Anonymous',90, false, 28),
('Pikachu', 'Anonymous',44, false,29),
('Arceus', 'Anonymous',56 , false,30 ),
('Hélionceau', 'FanDeDino',66 , true ,31 ),
('Dracaufeu', 'FanDeDino', 23,true ,32 ),
('Pikachu', 'FanDeDino', 47,false ,33),
('Scovilain', 'Anonymous32',1,false, 34 ),
('Goélise', 'Anonymous32',99,false,35 ),
('Aquali', 'Anonymous32',81,false,  36),
('Pyrobut', 'Sansion007',75 , false ,37 ),
('Dracaufeu Gigamax', 'Sansion007', 46 , true, 38 ),
('Léviator', 'Sansion007', 55, true,39 ),
('Raichu', 'ariolX7.7', 100 , true , 40),
('Scovilain', 'ariolX7.7', 46 , false  , 41),
('MegaDracaufeuX', 'ariolX7.7',  13, false , 42 ),
('Electhor', 'Brotherhood',18,true ,43),
('Goélise', 'Brotherhood',90, false,44 ),
('Barloche', 'Brotherhood',27,true ,45 ),
('Arceus', 'TeamRocket4Life',45, true, 46 ),
('Sulfura', 'TeamRocket4Life',17, true,47),
('Pyrax', 'TeamRocket4Life',41,false,  48),
('Pikachu','Rika',50,true,49),
('Gobou','Rika',99,false, 50),   
('Bulbizarre','Rika',28,false,51),
('Germignon','Murasaki',43,false, 52),
('Tournegrin','Murasaki',72,false,53),
('Cacnea','Murasaki',36,false,54),
('Limagma','Nippone',91,false,55),
('Maganon','Nippone',62,false,56),
('Feunnec','Nippone',80,true,57),
('Chochodile','Yugi',65,false,58),
('Aquali','Yugi',3,false,59),
('Suicune','Yugi',16,false,60),
('Aligatueur','Nana',31,false,61),
('Mamanbo','Nana',43,false,62),
('Luxray','Nana',95,false,63),
('Négapi','Yuno',63,false,64),
('Têtampoule','Yuno',97,false,65),
('Rosabyss','Yuno',45,false,66),
('Luminéon','Asuna',34,false,67),
('Lézargus','Asuna',24,true,68),
('Poussacha','Asuna',66,false,69),
('Oyacata','Saber',83,false,70),
('Coiffeton','Saber',79,true,71),
('Stari','Saber',87,true,72), 
('Phyllali','Albator',88,true,73),
('Pyroli','Albator',36,true,74),
('Feunard','Albator',23,true,75),
('MegaDracaufeuX', 'Sundry', 12 , false, 76),
('Oyacata', 'Sundry', 78, true, 77 ),
('Luxray', 'Sundry', 56, true, 78 ),
('MegaDracaufeuX', 'Ragnar', 45, true, 79),
('Tranchodon', 'Ragnar', 45, false, 80),
('Miraidon', 'Ragnar', 45, false, 81),
('Yuyu', 'Monty', 12, true, 82),
('Rosabyss', 'Monty', 24,true, 83),
('Pikachu', 'Monty', 48, true, 84);

INSERT INTO combat(pokemonUtil, nomChampion, issue, nbCombats) values
(1, 'Pierre',true,1),
(1, 'Rivamar',true,1),
(1, 'Maël',true,1),
(7, 'Watson',false,1),
(69, 'Lem',false, 1),
(70, 'Lem',false,1),
(69, 'Lem',false,2),
(38, 'Roy', true , 1), 
(65, 'Flo', true , 1),  
(32, 'Grusha', false, 1),
(33, 'Kabu', false, 1),
(33, 'Kabu', false, 2),
(70, 'Kabu',false,1),
(72, 'Roy',false,1),
(41, 'Rachid',true, 1),
(71, 'Inezia',true,1),
(30, 'Auguste',true,1),
(25, 'Rivamar',false,1),
(57, 'Ondine', false , 1),
(72, 'Armando',true,1 ),
(18, 'Ondine',true,1),
(54, 'Percy',true,1),
(20, 'Amana',false,1),
(10, 'Rachid',true,1),
(72, 'Kabu', false, 1),
(70, 'Inezia', false, 1),
(72, 'Kabu', false, 2 ),
(71, 'Kabu', true, 1),
(36, 'Ondine', false, 1),
(34, 'Pierre', false, 1),
(35, 'Maël', true , 1),
(35, 'Auguste', true, 1), 
(28, 'Flo', true, 1), 
(29, 'Lem', false, 1),
(30, 'Amana', true, 1),
(29, 'Armando', true, 1),
(29, 'Ondine', true, 1 ),
(30, 'Watson', false, 1), 
(30, 'Percy', true, 1), 
(9, 'Flo', true, 1 ),
(38, 'Roy',true,2),
(75, 'Rivamar',true,1),
(62, 'Maël',true,1),
(49, 'Kabu',false,1),
(5, 'Inezia',false,1),
(7, 'Flo',true,1),
(9, 'Maël',true,1),
(51, 'Pierre',true,1),
(17, 'Grusha',true,1),   
(47, 'Pierre', true, 1),
(47, 'Rivamar',true, 1), 
(41, 'Grusha', false , 1), 
(23, 'Roy', false, 1);
